
## inserting data

insert into roomtype (`type_id`,`RoomType`) values
('1','Single'),
('2','Double'),
('3','Suite');

insert into amenities (`am_id`,`Microwave`,`Jacuzzi`,`Refrigerator`,`Oven`) values
('1','1','0','0','0'),
('2','0','1','0','0'),
('3','0','0','1','0'),
('4','1','1','0','0'),
('5','1','0','1','0'),
('6','0','1','1','0'),
('7','1','1','1','0'),
('8','1','0','1','1');

insert into OccupancyPrice (`op_id`,`Standard_Occupancy`,`Max_Occupancy`,`Base_Price`,`Extra_Person_Cost`) values
('1','2','2','149.99',NULL),
('2','2','2','174.99',NULL),
('3','2','4','174.99','10'),
('4','2','4','199.99','10'),
('5','3','8','399.99','20');

insert into CityState (`City`,`State`,`Zip`) values
('Council Bluffs','IA','51501'),
('Wasilla','AK','99654'),
('Harlingen','TX','78552'),
('West Deptford','NJ','08096'),
('Saginaw','MI','48601'),
('Arvada','CO','80003'),
('Zion','IL','60099'),
('Cumberland','RI','02864'),
('Oswego','NY','13126'),
('Burke','VA','22015'),
('Drexel Hill','PA','19026'),
('Tanjong Pagar','TP','12345');

insert into Guest (`FirstName`,`LastName`,`Address`,`Zip`,`Phone`) values
('Aaron','Low','Tanjong Pagar Singapore','12345','(789) 123-1234'),
('Mack','Simmer','379 Old Shore Street','51501','(291) 553-0508'),
('Bettyann','Seery','750 Wintergreen Dr.','99654','(478) 277-9632'),
('Duane','Cullison','9662 Foxrun Lane','78552','(308) 494-0198'),
('Karie ','Yang','9378 W. Augusta Ave.','08096','(214) 730-0298'),
('Aurore ','Lipton','762 Wild Rose Street','48601','(377) 507-0974'),
('Zachery ','Luechtefeld','7 Poplar Dr.','80003','(814) 485-2615'),
('Jeremiah ','Pendergrass','70 Oakwood St.','60099','(279) 491-0960'),
('Walter ','Holaway','7556 Arrowhead St.','02864','(446) 396-6785'),
('Wilfred ','Vise','77 West Surrey Street','13126','(834) 727-1001'),
('Maritza ','Tilton','939 Linda Rd.','22015','(446) 351-6860'),
('Joleen ','Tison','87 Queen St.','19026','(231) 893-2755');

insert into RoomData (`room`,`type_id`,`am_id`,`ADA`,`op_id`) values
('201','2','4','0','4'),
('202','2','3','1','3'),
('203','2','4','0','4'),
('204','2','3','1','3'),
('205','1','7','0','2'),
('206','1','5','1','1'),
('207','1','7','0','2'),
('208','1','5','1','1'),
('301','2','4','0','4'),
('302','2','3','1','3'),
('303','2','4','0','4'),
('304','2','3','1','3'),
('305','1','7','0','2'),
('306','1','5','1','1'),
('307','1','7','0','2'),
('308','1','5','1','1'),
('401','3','8','1','5'),
('402','3','8','1','5');

insert into Reservations (`room`,`Adults`,`Children`,`start_date`,`end_date`,`totalcost`,`guest_id`) values
('308','1','0','2023-02-02','2023-02-04','299.98','2'),
('203','2','1','2023-02-05','2023-02-10','999.95','3'),
('305','2','0','2023-02-22','2023-02-24','349.98','4'),
('201','2','2','2023-03-06','2023-03-07','199.99','5'),
('307','1','1','2023-03-17','2023-03-20','524.97','1'),
('302','3','0','2023-03-18','2023-03-23','924.95','6'),
('202','2','2','2023-03-29','2023-03-31','349.98','7'),
('304','2','0','2023-03-31','2023-04-05','874.95','8'),
('301','1','0','2023-04-09','2023-04-13','799.96','9'),
('207','1','1','2023-04-23','2023-04-24','174.99','10'),
('401','2','4','2023-05-30','2023-06-02','1199.97','11'),
('206','2','0','2023-06-10','2023-06-14','599.96','12'),
('208','1','0','2023-06-10','2023-06-14','599.96','12'),
('304','3','0','2023-06-17','2023-06-18','184.99','6'),
('205','2','0','2023-06-28','2023-07-02','699.96','1'),
('204','3','1','2023-07-13','2023-07-14','184.99','9'),
('401','4','2','2023-07-18','2023-07-21','1259.97','10'),
('303','2','1','2023-07-28','2023-07-29','199.99','3'),
('305','1','0','2023-08-30','2023-09-01','349.98','3'),
('208','2','0','2023-09-16','2023-09-17','149.99','2'),
('203','2','2','2023-09-13','2023-09-15','399.98','5'),
('401','2','2','2023-11-22','2023-11-25','1199.97','4'),
('206','2','0','2023-11-22','2023-11-25','449.97','2'),
('301','2','2','2023-11-22','2023-11-25','599.97','2'),
('302','2','0','2023-12-24','2023-12-28','699.96','11');



### Deleting Jeremiah Pendergrass and his reservations from the database        
START TRANSACTION;

DELETE FROM reservations 
where guest_id = 8 ;
    
DELETE FROM guest
where guest_id = 8;
        
COMMIT;








